0,17499,70F8CF7C5C507F2516147ADAA7765A80,34,37
1,17499,8AA64E54F0D85F9E3A11D8BEC6684D73,24,37
2,17499,38E9497B43759F699AC0158700F862A5,37,37
3,17499,CC07331E11F3412953B2EC8E181D92D4,37,36
4,17499,DDCEB394A1906836F0DA6DD754CA11B5,37,36
5,17499,BC0ACC2B7564C0387CC1E42E479EF9D6,37,36
6,17499,AC7AF470415F1F28A3CF938731C75D87,37,36
7,17499,E5FC5820B6BF4CD238FEC0077B487F85,37,36
8,17499,2B17318EF91225E9BBC9B91FCDC09F0E,37,36
9,17499,D6D674630F220B2E13B4FF288A8EAF7C,37,36
10,17499,BD5E102B236954A0FB8CB95D588AAFB1,37,36
11,17499,CFE7A5B5E203D0857AA063B8991422B2,37,36
12,17499,762BFE7A72A19F417B66B79745B56C28,37,36
13,17499,14F0C03BD9E722A7183DCF6923E1C4EC,37,35
14,17499,134E9610FCB319BC126730359E76A2C1,35,34
15,17499,EE26EB06BE8A1F123CFC8F5B3F08B039,36,34
16,17499,D4788BCF2AF1E82D5B5427C2CF9AE524,37,34
17,16386,6F697CBDF874FCB0CE44278A47E4399E,38,43
18,16386,1A7B0BA66424E4C340B1712BA76DC8E2,39,43
19,16386,321032A5C3D03F7B14B4C458FC3690CB,6,44
20,16386,2924741E0D90976A3467B0E8C3ADF1FF,37,44
21,16386,4D3D88C108DEEA752FFAE99734DDD1C4,16,44
22,16386,5BE78316291482837788869F7A667AAD,42,45
23,16386,5B05095307F6ECD3E4F9DCE7F18B2D73,42,45
24,16386,BD24D9425AB65D9B06D4A18109818BFF,38,45
25,16386,98F3B0668842FBF913E61080EC6C6BA0,43,47
26,16386,A870B25CBF8F659763AAA9F23DF87DB9,46,47
27,16386,2F08F03A0C5B4A6720F14ABFD41C128C,40,48
28,16386,AFC45B35891F141A16B81FE31C6DDAA7,42,49
29,16386,BE591993346B44C68A4F8FBCF88B6E5E,45,49
30,16386,BA730A99C6E722021510F58E40415BA7,39,27
31,16386,3CAF514254D686106DA19531F28166EC,29,27
32,16386,35D9E557AEBAA5DAC19B4841ED17263B,30,27
33,16386,F43706EB1C2B93E29B0CE9BF4B49274B,28,27
34,16386,93E2A9DEBA7B862E923F27D13CFC9A54,40,27
35,16386,52996498302D2158F39024120B0796EE,28,27
36,16386,D1AC4C9E249EEE86695C2C020A8B7511,41,27
37,16386,CEED9BC02EACC3E9D5EC958349E8796E,30,26
38,16386,F2EBB80CB2988905E0A6CDEB6BEDE43C,36,26
39,16386,9239D9CF76623590E023372AA5E79D59,35,25
40,16386,F0AAFB55346B4FD2DAB2D252DE850BE0,27,24
41,16386,C3B459EDDAAD830A01FC24694C108AF7,40,22
42,16386,4B4DC306C2B9EE0F9EA7D3094A5A83A6,23,22
43,16386,18412D6516161980D433D8311713A3D0,32,22
44,15858,7D8A69D6709D023BE66E868646BE46A7,3,10
45,15858,28086FC5144C4B959FAD4A5310A33ADC,3,10
46,15858,3478AEDD86811D82D702A1DEFB55D976,3,10
47,15858,B6EA04C1994ACF1A034BB77232B92B64,3,10
48,15858,23D1899846EA93C529ADA84A29A13D76,3,10
49,15858,A77186F39C5F196392B07583DB1EE38D,3,10
50,15858,DB2EAA2909656408E174F6869097A8B4,3,10
51,15858,505818D6BC6C0DA88DF343F51E4B4A03,3,10
52,15858,717892515E096A9A1E648602F18FE89C,3,10
53,15858,309A2E74ACA0966E139ED13CEFF7E85A,3,10
54,15858,64998AA462EF654DADD6809599BC6F27,3,10
55,15858,21D3D53281D3E46C51A40242543BF511,3,10
56,15858,72F7E33E6A6A5BF63DAFC0D2186769BF,3,10
57,15858,E12909051E1F23CA0F8CB3089C0D88F8,3,10
58,15858,E80A5285FBEFEACD45295475B8E330FB,3,10
59,15858,EF37EB8492FDF5256626E28DC8166CE5,3,10
60,15858,7FFFC6C21D961CACCEDC92B79942800A,3,10
61,15858,5E511A01DC6AEF615BC69F27082B7915,3,10
62,13532,161CE54CE9FA708F21334DC1B2C2478F,16,7
63,13532,1552F5F1C073F53D08ACA84803CF4D48,14,7
64,13532,E7D9F49565F6B95CDB9F9E4DA2B4FFB7,9,7
65,13532,8F91D5A7179993864540B60D8048ED91,9,5
66,13532,949A175E98474CC59D1B6A4DB846C155,7,5
67,13532,5BC4F445BAC404549F99ADC3CFED2BF1,7,5
68,13532,5E15024C96948E59BE0CC9763D34C996,15,5
69,13532,15E2F6AF4C53D46B09E99DB8078ACE2D,14,5
70,13532,15841B92D1174137377B29D02354080F,8,4
71,13532,75950353611E1CD68BD5EABE8B8A07CE,20,4
72,13532,F36C1C35CFFE4E1D6CECAC82932B581A,14,4
73,13532,2C7D380292FE35A9519CA4FE2FA84BDA,15,4
74,13532,1D21E45C84B475E82778389AF580D60A,15,1
75,13532,844D3EDAFF5AB386DFBCB94B48BB66F8,15,1
76,13532,447EB84866EB0A3BC4B429BF19D9E7F4,3,3
77,13532,D12401E2590DEFC9A041B946F4E19A10,1,3
78,13532,B0A8486399F708D467BAE1B91839B693,3,4
79,13532,80E85834F6FB5E411D345A0B90AD1ACF,3,4
80,13532,F98E51FE73DDB4C85FE3C3229CD3C253,4,6
81,13532,CE2412F4D19D14ED78B7F010419E2B0D,3,7
82,13532,C61C4BDC92047DB3F0AA9E5DA1A5889F,5,7
83,13532,0E965C27B39AF2B2B7B973B728A42BE9,1,7
84,13532,441D56189F33AB8B0890DFD8D1BF56AF,5,8
85,13532,AF0FABF69E618398726C55F3403C1565,5,8
86,13532,F059BB5FE3B8CFAF2A20A1F1736D159F,4,8
87,13532,4FB089868327F6CDEBB1D9ECECD980E2,1,8
88,13532,97DC2D4CD7986D687C6D469B033B3D29,13,4
89,13532,6AA981CAE39F10C85BD92D61CEE9F59F,16,4
90,13532,C716BFAE47A1BC34E3139D63F4A663C0,5,4
91,13532,9B416DBCB47B1600535D231603868112,6,4
92,13532,7E5EA33B6BF4D15E594A08902190534C,14,4
93,13532,01A61799CD24981AB4803DF29A64C7CB,15,4
94,13532,0AA4B771119F7A41EDD167E448F33F51,16,3
95,13532,FE2A33097AA4C4B0926B931D99441222,9,3
96,13532,20D97EFB587BDE8CF34640CF061817B2,3,3
97,13532,AF0555E7C52BDE8336A73933534E0EC2,3,3
98,13532,A4FE55116FF5A1CCFE46306E4569AC60,28,3
99,13532,98D105FA2272F1E383424D221659C415,9,3
100,13532,97D1263F118CC2B0697FE78EAD641BB1,4,3
101,13532,428F371F4D7D37B1CB1FC3DF4CF67CD0,7,3
102,13532,0479834DF2825CA029E5FFB5CF955853,15,3
103,13532,981A52039FF9BC9841E5A44B97F67A5B,3,3
104,13532,6E6176C2E2AB8AECD5D3644E24D81DF0,9,3
105,13532,80041E05B85CC11234C5FF8E2AFDDD41,6,3
106,13532,15271F69E335D314A1F6E0C6BAD5984C,3,1
107,13532,2FD914440197BA6B31911885E2782F50,3,1
108,13532,C9EDF8F8FBFAEA50368382090073EDA2,7,1
109,13532,225AA7A472CAD5A99D1E0CC26772EF73,3,1
110,13532,E16EA051B991EDF71223C7EE62D770DA,19,1
111,17542,E323E4E8E65619B70F4367642C3E8B9A,3,9
112,17542,605B32660AB8D378270CA7618DCF8865,1,9
113,17542,C5F5127D72BB8113F554FDC7BE4C6097,1,9
114,17542,60437AB386ED3220E263C97FF8722E16,1,9
115,17542,B45548353489BA4058E8E8806B28A2DD,1,9
116,17542,2EC10FC56AF6F7548F5405C6131F8F1F,1,9
117,17542,45425FFA652F0600E579889EEA4449A8,1,9
118,17542,7BD534086D6352497EAB9C5FF5655445,5,9
119,17542,B39F069F677AADB2E0D070897C78D54C,1,9
120,17542,B39F069F677AADB2E0D070897C78D54C,1,9
121,17542,B39F069F677AADB2E0D070897C78D54C,1,9
122,17542,1617D0A95A5F57A77E8244EEF492C749,9,7
123,17542,3C6DC824647A8D894AFC1DEBC132024A,9,7
124,17542,C4973F2FE3A98B3470D13DB29B05AEA3,9,6
125,17542,5FE9AB24EBE5220F301C7D3047F47138,9,5
126,17542,20F761EC0423097FE0F1C33C33B8D0E0,9,1
127,17542,DBFEFF6E5BD318E2685976D627AC7A93,6,1
128,17542,A8C81C0C2EC91216925A829BD3D45D29,9,1
129,17542,C0B4DD3FE99A4A8F6F8BFF8CD86E8F5A,5,1
130,17542,A840F01C78B62AB147EC8A82311B2B80,9,1
131,17542,7A2A1E99F17C0D55D30FF2FF2D3C000C,1,7
132,17542,2966C31FCD27EC4AC858B1EB9F9852C2,1,9
133,17542,25456151C3A5C0AA699EEE0D14290BE4,26,9
134,17542,A9F3AD80581B544000312C763B0CDA08,9,7
135,17542,7B925CE49DFBAD7776BEBB0F153AD14E,9,7
136,17542,E037F61953E94B5B9718EBD8F7B5293A,9,7
137,17542,768CC30A6DB4FD6CAC7D10AD31311A84,9,7
138,17542,EAE5C7EB28C75FA225B01DA9BCE75929,9,7
139,17542,59D5DDD964DB7FF6EEE2E70F9E28FAA8,9,7
140,17542,EEAE447C4139AF8B3BC69503217DC306,9,7
141,17542,104C77B10EA0A19504042AA96BF2A7D1,9,7
142,17542,83E5901783C6548CEC2ECB0A67C0D7D8,9,7
143,17542,61BA5E5A63566B0C84C9CA764F13BB06,9,7
144,17542,24AE71FC49D42963FF5166FFD4327C62,21,7
145,17542,D6A5F0CF635BB1E8771F67E453E5391F,9,4
146,17542,A082330347558A6A254E9A98FAF98031,7,3
147,17542,AA006E2D4C4BC40430859B0422CDBDD7,6,3
148,17542,D5D2BA1BE20809C013DFA10DEA0C3FAE,9,3
149,17542,FB5172ABBF05E7442D700880F40863B8,5,3
150,17542,7D1A87668B8A8974D8EE1047430800B9,9,1
151,17542,EEEE0ED9FEF3A2120A04307C251B2EBA,9,1
152,17542,F4DAB3D44D81944933382F76362F1484,9,1
153,17542,821B8CE16A52F61F645D7C941928A8B6,9,1
154,17542,C6EB7C013598FFC9D9D1C65A55E9511C,7,9
155,17542,FB09551F795F9A9001F6C69ADBE2E24D,7,9
156,17542,0C20467C3C35C3562261A4BC00733075,1,9
157,17542,7E01E3990FA087EF9AC36577FFBC8381,1,9
158,17542,78582CE90FF4420344E6DEFEA44CF024,1,9
159,17542,43CE637F0330D3D59789ADD17D5FF77A,2,9
160,17542,5FE9096764A5AD41D8C6D748270EBBE0,3,9
161,17481,5B7746CE59BDFF295CC2DDF841284B85,1,9
162,17481,293904314EE3C28536BF220B62A81B76,1,9
163,17481,F9F4A3917717CE70278CF66A37E83244,1,9
164,17542,909DC3EACC2AA7871001530ECD6DAC12,6,3
165,17542,325CC20797B1E87BA6F5B9529A507624,5,3
166,17481,786CA06837E9A0D2FFB58E7E84850134,9,3
167,17481,78B8C75260F7E8EFFE92AB85577F44BE,9,3
168,17481,01B093D2E1510916ED49FDFC3E8CE387,9,2
169,17481,D90800804FECB6B7CB1AA1F47AD4685D,9,2
170,17481,C2DCAE383D26DB9286B0D67867A42E72,9,2
171,17481,C5DE971147FB4DEA1557C8AF2115F9B8,9,1
172,17481,14704506B5FBB3595B1BD4283BA382AD,9,1
173,17481,BCA6DCC4E7B0DEEE4FF98B03E3F40982,9,1
174,17481,B42EB5DCF776C92E96E503739985EAD0,9,1
175,17481,262FC45E20967572918B40AFA6F99EA1,9,1
176,17481,5BFBDCF2C1FF7CD5B80CDE012672B47F,9,1
177,17481,EC934B28F9BADAFEDC2BC66E1167597A,9,1
178,17481,0509C3172487F2D12AA5D117CE0BD0E3,9,1
179,17481,5D8BFB0CBBF0A2D95B17C2CE9D2C3C2F,9,1
180,17481,710BAC7568C17B23E755DE521D053657,9,1
181,17481,69AA91BCEA9F753FEF86F1CF70C189BE,9,1
182,17481,6FD21CE35C14F5BC65749EB413A1BB85,9,1
183,17481,26A44FD19B04F6A8BE97669CDD956E5D,9,1
184,17481,3668EAD42DF785B3F0EE420B90BB5E35,9,1
185,17481,D8614F418627CFAA493E121FB9AE5A28,9,1
186,17481,4BA2B4FFD00B26E195FF586B8E477074,9,1
187,17481,44217F0AF577E8B513B9EE7C3DF848C6,9,1
188,17551,1798A23DC617FA8C5D58A4C0DB06B134,1,1
189,17551,09B21E3294B2DDA4FDCA38C5B96D2685,1,2
190,17551,7B37F1D34DB1C849AE0D3B8B31A9221E,1,3
191,17551,357D4F23465D176A6441AD53026A4C87,1,6
192,17551,8139AC03CE09CB4E261FE547D193F66F,7,9
193,17551,2D69495CFAF597E90E7EA76639D3F509,2,9
194,17551,FAE7418EFB21AECEEC29EDA81A0D12DF,7,9
195,17551,4BCCB9BE103D7DD698D7A4199D90B62F,3,9
196,17551,95FF0BDA754ABD06111C33EFA14053AF,7,9
197,17551,DF127B1DA3D39B0E3DE7EBE5B0AC7FC0,3,9
198,17481,D98B24A0C039721308931DA2C2DC0296,9,7
199,17481,E0EAA6D3D78E9667C6E1B0CEFE613716,9,7
200,17481,EF96AAAB8650E8848AEE1E031E9B0806,9,7
201,17481,6ADD7A95EA585B7DEE9D3EC876D3FE3D,9,4
202,17481,E5A3A48421D75A9630C3DEC0D6B11BA4,9,4
203,17481,F2966F81B72FD87B576C0A2930CC1E12,9,4
204,17481,C2D63D6767CBD3519E9139D1241650E6,7,3
205,17481,84F9044FF53ABA7A54E344B6780AEA2A,9,3
206,17481,0B982DC7B06A14EDA8B79CF1B1EE42FB,9,3
207,17481,52DB4B037B9C14DA43B61CB598B3AA2A,9,3
208,17481,9B338E5BAC2D5B5D0098A5992AD742DA,9,3
209,17481,B4723B9DB5C9C8C9E7A6AC09CB69F19B,9,3
210,17481,6211818BCA054B559473EE2942C9F4A5,9,3
211,17481,BFE1A4F42504BD4FAA458BDC8D1F01B8,9,3
212,17481,3BEE057E77FB8AC7A428BBB3DB5C1311,9,3
213,17481,4F0627EB26EBFD01A637C960A114AD05,9,3
214,17481,6D586B3E32EF248F2A44EF7ED5884C45,9,3
215,17481,2C292639A784813EDCA058556FA76DF1,9,3
216,17481,8F7D7AAD310684B5DCD0EECCB58F2887,9,3
217,88727,57C414BDF6A96332BB90832E683564B9,12,5
218,88727,8931C213FCCC2C99F70BF608EF98E25E,19,5
219,88727,37C90C253B92D9CB8453A1C81C5050B2,19,5
220,88727,8B310597FD529A132C59CC53B7E439F9,19,5
221,88727,EBA6314210A10A5863F2CFBEA6379514,7,5
222,13532,E0751FE8D146C1F6A3FDC7F9A233F045,10,20
223,13532,4FDA152B11EB060B8193ED8B13FF17D3,19,20
224,13532,F4EDE37BE7BFEAE28C50D5B266A68D64,4,20
225,13532,21DB4D7ADF4743F87A776621CC92B9F3,19,21
226,13532,B4DEDB1F9B9373C2DCFBECE621B75A13,20,21
227,13532,5DF78B33C02D2983F03AD0D4A607DC19,14,22
228,13532,9BFC65CF7E4506DAC66854FFDF7C9210,16,23
229,13532,50FA87C15EB140348CD70FA73C3DC535,20,24
230,13532,73A29E9BFEE892919E59B6FB0819E2CE,9,24
231,13532,46610C6E92B89DA4DBD549023EF8A413,21,24
232,13532,48F26410D99FB5DCD04C1AD90253BF4F,22,25
233,13532,67DE9C2C87945D6694ED956193F136B5,8,25
234,13532,51C7A2E7C65C2DA292B490DA56843816,18,25
235,13532,CA81BF8428FEBB47869E3CEDE5ACAD42,25,26
236,13532,BC7CC19CCAFF873FBA71CC4B48EB6B1B,25,26
237,13532,B99B4E552A033601ED183754B7379B8F,25,26
238,13532,7B97FC789D9520D73F911BB9941A0AC8,22,26
239,13532,81B8841922A34CBFC2515AABB88B990D,25,21
240,13532,A89CE9FFF214A2ECBBEBDCB698E780E5,31,21
241,13532,1CC9200F7144E217718B3FFFCA7478BE,28,21
242,13532,F7FBDB2334041E66B26E26012FE88B64,34,21
243,13532,E016793B45D325F82EBEBA682479B958,28,21
244,13532,27973CFA8AA972AD9C2B55A10ADB1DB1,25,21
245,13532,0B7B140CD5762F30BC6C436C7A4053F7,24,21
246,13532,AA65C94E32BDD3A2779AB63AEBD054A8,34,21
247,13532,908B0F2B957017120748F52766E61D9C,34,20
248,13532,A863D20AA563CE40CCA4CE5C5D4B2ADA,34,20
249,13532,A836680D43B8320B893C6C815473E996,25,20
250,13532,FF98F3F2B0209338745ADF33AEBD80EF,25,20
251,13532,F1044CB31FE2E5E6CF492B1A9C40DC8D,22,20
252,13532,496F393661FD32535E7170B2909726E3,19,19
253,13532,7DB166FE496FE27733D2C38EFE97483A,19,19
254,13532,B3F085E5A62382061090D79316318BEC,25,19
255,13532,DBCB40AC8D573B2392AAAE253D5A635E,25,28
256,13532,197F1F6911ED2D48D12A467B0D9E548B,24,28
257,13532,9733070E13C29E5D776BC3147051643B,23,29
258,13532,0418A647DA26AD7F31EA2442A3F0AF5C,24,29
259,13532,A95525D7836EED78A4AB672DECAB71BC,25,29
260,13532,8CF4E62D648EB8E4FA5AEDC9A5A8787A,25,29
261,13532,9B1BD29F5CE610B11431D6C9BDA181D2,26,29
262,13532,BF387D396E306795DB069D80C891677F,23,31
263,13532,6661C6CB9FAB39D648442F002692D1F4,25,31
264,13532,74F43FDB304ABE5AF727AD7DF2702B97,29,31
265,13532,9F311C177C4A64DEFAD66DBCEF850245,29,31
266,98284,3E6E134668DDDB512C71C938FAA08A21,0,0
267,98284,2672FE5BE80B265BA4C5E637ECF1FC28,0,0
268,98284,14FD4058213A218408B6F862D68D67B2,0,0
269,98284,D8F9CC61DA305BEF9CBD14067F88EFF6,0,0
270,98284,D3B563193E513FA65E971DC1E8918DE4,0,0
271,98284,4B54E3E7694C601DC17792E7449C8CDF,0,0
272,98284,E8ECF412870F687620ACF39B2B75CC84,0,0
273,98284,D82D01389EC0041D246914B5397ECE5C,0,0
274,98284,255D1B7430E23DA991505D9C122E38D8,0,0
275,98284,9FEE56F03C7D4DAB90377D81DAC0A568,0,0
276,98284,11705D62465FD502CE21EBD69E5E9538,0,0
277,98284,CCD70D2203B1F4071991971928AA5ECA,0,0
278,98284,617F53F4FACE5DD8699D939AA64570CA,0,0
279,98284,6044C39D7C9D4312B4E5102D108D72EE,0,0
280,98284,7F172C92B2075403429049C9B02B30F2,0,0
281,98284,08C7153D4B02FF607B8206EAE123819D,0,0
282,98284,5E0A7B7885A744514EEFCB248A2D8B8A,0,0
283,98284,A80227E739B29C8D11BF59EC616874BC,0,0
284,98284,A91425106CB3DF452EB7F6BE4B57FAF3,0,0
285,98284,F83C8D61F67D50BCECFF598352E82651,0,0
286,98284,501FFD8F983820A0165C4586CE36819D,0,0
287,98284,BBE9E01300526C3B6CD8B75F2197908E,0,0
288,98284,F3F24647584C5D5D76C51A338378F876,0,0
289,98284,69E003EFA181EC64EFF2FF6F7E32C423,0,0
290,98284,29C7F09BC917A670076E98363BA1F0DD,0,0
291,98284,A8360347C842D07EB6E20E0A333FD823,0,0
292,98284,89D9FB9A4BE8A7FA74501FB720CBD3C3,0,0
293,98284,421A74A445AEC4C27034C698B4D88A11,0,0
294,98284,7C9E830AAF50E6E9246328D3AB5F3932,0,0
295,98284,89CF09C219085CAA70C398ECD1E8998D,0,0
296,98284,A60D5B09166E34EF562CC254CE5D6DAC,0,0
297,98284,5F081A17255DD78F24E0D2A8A3FE8D21,0,0
298,98284,09CA8EAE9114BBE772AA9BCDB9CC1A6C,0,0
299,51035,D7C0C80717995BC5FE04F4DDB6394052,5,24
300,69775,6FC46BDDBF9320257D0CDF409DCBA28E,26,28
301,69775,5B8EA59D347A46C8D3C6B681A98D9BC6,5,28
302,69775,4BE4D496022E9D6E8437F88906450114,23,29
303,69775,27BE9F4ABC1B7EE8F78001E1B9C47197,9,29
304,69775,AB799B647644A1E4ECD392D7497AEF99,1,29
305,69775,EBC8FE87F9D8CE17613A28B989492F20,1,29
306,69775,351F4D93B82609003F8957C1BAE73828,20,29
307,69775,B13AEB3A29E47654440404D143AD87C9,29,27
308,69775,B811EF92D26F12C6507501BD7B0B7E8A,29,26
309,69775,63AAA6147269B93FCC094707355F068D,24,22
310,69775,708A93E93292D736AC1B85E267BAF3DC,21,17
311,69775,9AAC7CD06B7556349F661C3951789429,24,17
312,69775,86F8E8CF4C32CD901068E2E1C6B1C7AE,21,17
313,69775,C596525AD02DC9CD17F78398D6188358,21,17
314,69775,14F8B6A2A42A0564C02DA45702F0072F,5,18
315,69775,A1F2E44CB1394B907F5659916076EAEA,5,18
316,69775,472D5F6DF9E03D741D4EB355D4FB0233,2,18
317,69775,6FB6CD28875883099408DE98BCFEA90B,4,19
318,69775,5BE20016FAF7EF78C31B28CDA5582070,17,19
319,69775,33D99FFAF4E7DCFF1DF5E1B1F7F3A031,1,20
320,69775,924D255B1D1B49E6CC91EADE2DE59DB5,1,20
321,69775,C021B15DEA269A7AA1D738B4BA873B10,4,20
322,69775,9DCB1C50E1896D5BA00299254F8F1883,9,20
323,69775,18F1676AF9DB2C075F244D2D9159774F,4,21
324,69775,44D3ECC0629D4BDBCAA9AD9A24F9EC38,17,21
325,69775,459ABAE54D4A00C0161B30276BEC5368,1,21
326,69775,86485C6935066743B7E18D500C3C978E,2,21
327,69775,FB1724F948B54F974AFD786183429045,2,21
328,69636,4CBF17851B16CDDE750E6AEDED9A7C81,9,18
329,69636,94B17A0A70277DA8CF6FF53CCCDE78C2,1,18
330,69636,3653F37EEE18E29BE5A76D7E620AC0A7,14,18
331,69636,1C6BAB7D1CAAAF9B254934F1BDB75B4B,11,19
332,69636,CC7E9F6D97B87B0556920C67659E6C36,11,19
333,69636,CD6EDF7ED932C1303DA54219BD3A684C,6,19
334,69636,16C10D55A3F9EA23272796ACAEDF5E57,6,19
335,69636,589D69373541117E9158F6AF20D12E93,8,19
336,69636,EB98728686435E792A410CFB76895A77,6,19
337,69636,8C2D5AA5ED26A827DC636E4C519CB48C,1,19
338,69636,D200335C7E2CE6C31C125A4A58CC37CD,6,19
339,69636,89F3996E59ECE5690BC94C9C39CB88A6,8,19
340,69636,E451E672516F1CB83D17200C3A52AE7B,7,19
341,69636,9379214BA7B89FA876AAB1CFCFED4B2B,7,19
342,69636,EC2451D4A9C2ABA26559A07D91022A92,8,19
343,69636,9BE2F84B6E63AB74D1BDE4B3D85215CF,20,8
344,69636,F1CA0ECA8DCF8161500DF7DB5524E0ED,1,12
345,69636,A3937B1DE16EC5D8A021495D8591119C,11,13
346,69636,2549A02B20869F1B426F4A73922028B4,4,13
347,69636,F346AD89E1F679AF0F70EEA338FE8970,1,13
348,69636,E9EAC4001B09B772E1AF7B1E1D0182CD,2,13
349,69636,0E9691FF51F609AEBD387A6409F13D5F,1,13
350,69636,81DF41DFEEC968601A6443A47790CF9A,6,13
351,69636,9AD5CB436C00BD336F95296CB73D249B,1,13
352,69636,7EFF06353CEC20A45DDE691C0328E140,1,14
353,69636,6180BE8173E49AA2D8576DF2F2B3E58B,1,14
354,69636,733579B3FFDDD32FB3380E29A13E7280,11,14
355,69636,2C10A27CC67AA0B273DC5935248E377D,12,14
356,69636,4BCCBC1E081DF1FE75CC04BB5FA0F35F,8,14
357,69636,1FBC21EFCF37A2EB9095D9C01CCA4674,8,14
358,69636,35607FB6622F9DA2D4C308FB0317AE4C,12,14
359,69636,2E91F2223B80264CC54E2F1BE47679EE,6,14
360,69636,770ED04941978219FA3A55E2DE21C631,7,14
361,69636,840930FBFA47F677284F8ACC07EF4A19,8,14
362,69636,FEBEA7E3E137D27E09A5A90507ACB6F3,7,14
363,69636,3D7662C6747F447DB82A64A02A098392,8,14
364,69636,0F0023D500F5C43358DBB267C2D3246C,8,14
365,69636,5D46DBFBCFFDBE17CAB63625655300FC,8,14
366,69636,2A0C2C136C8C04C5474340614F974F45,1,14
367,69636,0704ED356919EEE71E9743DCABE3F023,1,14
368,69636,98976486A655EA6371E1EF0DC8A6C8C3,0,14
369,69636,2AEF60075FFAD29BC55CB3364C422A73,1,14
370,69636,A616D265AF13AECDD47A87AE343F68D3,1,14
371,69636,EBD424A0B098CFA1D13CF2CFA5AD4B7E,1,14
372,69636,5DCB8D32715FCE2882B6132155EC1B3A,1,14
373,69636,16A147F03A67269F07CAF838AA74EB35,7,14
374,69971,EC6D8717FC62C37A8EF57888AEE1B712,16,1
375,69971,00E36A170C88C0C595DE42DBB1B3632F,16,1
376,69971,5BE0F44AB6FE5696E48E0ABA0969ACA6,12,14
377,69971,5768714905B73157B414EBB46A846693,9,5
378,69971,5AB38B08FCB6DDE64E0AB64CE5D219B5,7,5
379,69971,BF359F8616DB11562FF7A9C8079C6877,7,5
380,69971,FED4415FE0A342F9189C407E75CBD985,9,5
381,69971,DC0E751EC52419BE6D22916D2E654FB3,5,3
382,69971,2562F2403B89F8ECCD6E147494AEFB00,5,3
383,69971,633701DD04C8ADEC64980F7F5BF973C8,15,1
384,69971,1A6C40088677C72FFE70E2241EF521F3,14,1
385,65526,5C30ED680F2A201D0092AEB4874A5F7C,12,7
386,65526,4A8719844E20C7A15C43431D68388C3B,15,5
387,65526,496A83A44ABEC9C145F2EF1541E44D09,15,5
388,69636,6E1898FF705B83264FF7A50595480295,4,2
389,69636,FB802DBBE18B93A99E31E1EE299E056C,6,15
390,69636,0F7A7D0365DA3DC51D90F8FAC75DCE95,1,15
391,69636,DF326F0C392ED02EB976EE11E47F7C19,8,15
392,69636,20F59B0B8D8BA7D47E99C25566EDEDCE,7,15
393,69636,1E137B12C846F05AADE41995BFB26F45,2,15
394,69636,759E4BCA6BEFA701A5E314A208D1E36A,2,15
395,69636,C7874C5DA7E287E5303CAA8ACB600D55,6,16
396,69636,034F2C28973BEBE630FEA498196D9792,12,17
397,69636,FDF94AF99E2D6CC4C4D3DDC99A202893,11,17
398,69636,7FDA802175E6A4265BDD370B8C80FC96,7,17
399,69793,575AA082CBFD84E0C9121A3A47E57CE4,5,14
400,69793,E51E1ABB06F1BF74FCDD8670AE3EAFBF,1,14
401,69793,D37DF4B77EAC8F305CEF339460C3B590,1,14
402,69793,8A70F85BBDF2AD35B0C938F6CE37B022,11,8
403,69793,11C0D875E86B281BE4A27408DDD7FC40,11,8
404,69793,40D46C477EE916304D5EF6BBA99E200C,14,5
405,69793,26B7FA6538E74296B818FE78AE57019B,11,5
406,69793,865243E2EABD5775AAC8B73C8B038FAE,7,5
407,69793,4D5C7426AD5DCD9764DF300F39E3CB54,6,1
408,69793,E2ECC66DF2DBF89FC14D92352230552E,7,1
409,69793,8407EF7687BBAB8DBDFBFAE088614DA8,8,1
410,65526,51D158B828B0825F435A4D6D4F06916E,0,4
411,65526,807F0E64FE132DF66418FDAFEC41CD55,3,4
412,65526,D98D9EEBD2627C0751AA4798B5E3E8CF,4,5
413,65526,6066F0B98F021965D75A248ED8CF3498,4,5
414,65526,807F0E64FE132DF66418FDAFEC41CD55,4,12
415,65526,4183A62E2B426301958AC2D1C5D2AF34,10,13
416,65526,ECA3C4ABF0B62DE0B801739C00827B52,4,14
417,65526,C4397118ED40B9D8B8730B5D5CD23B8E,4,15
418,65526,38DFBAD7F9C8E25C4C7FC87CBE477BF5,8,15
419,65526,362D4207D06786698836236F140B0359,11,16
420,65526,9E2F17DD663CECC95D153ABB4D59F18B,11,16
421,65526,CA409EA7C81941376160F82B0123BE8B,5,17
422,65526,E6030FE6A3103DD23006E527C6495AF5,4,17
423,65526,E376A9E39D2B1D2423C7C2CAC2C0DD9F,14,13
424,65526,A74868E3AE98ABD518E561316E80143B,14,13
425,65526,C377E7A186B0C39BE32466D71691CA8A,17,13
426,65526,B20B15CD25460EF6B97B02D63930C70B,14,12
427,65526,1C13A5B50D732E6A274CE1AB2C892FEB,13,12
428,65526,1E20D8942DF89F3BACB1037D5642116C,13,12
429,65526,998236C7BE028B8DA0F34462437FE8D1,14,11
430,65526,87A0616D60632D22B176B224F4F2694C,15,9
431,65526,9C667004FF0FCBFEBDEECF6EEF2536CA,14,8
432,69793,E346E0D70C48FE38DC5EA6AF7F92DF7F,5,11
433,69793,FAFF4F3DDAD267A13BF770C8DA13F56B,5,11
434,69793,A04D66CC4DF837F8532C0D97F95508A9,5,11
435,69793,ECD4C94932A4432BA44E95C8315728C0,8,11
436,69793,CA331AFAA70A4D52AC19A6348DDD2A14,5,11
437,69793,D8941BDD1CA0337EDCC89ADCFE0E2F6E,5,11
438,69793,C8B34B7422D095D30A63D27E17F853CB,5,11
439,69793,E1FCAAF189D0D951E8D41D8B94A61E4D,8,11
440,69793,6CC97475D505C5B7B6CEDF14E7770D94,5,12
441,69793,5E344D1CEE277E3A8895FCF2E70BB9D6,5,12
442,69793,E721481AF2A87EA3EAA4E45CCD12EE4F,1,12
443,69793,AA852BB794E27CBFAA922B4166F3C5E3,5,12
444,69793,45E40F64D2BE48D5BA1E58B28C0D3364,1,12
445,69793,914BDA820B7E7536A29354B50A25D0EB,5,12
446,69793,754BE24F1896E2CD9AAD7466BBA4B961,7,12
447,69793,054A78D52CC13D7B6BCE0B8E55F9262F,1,12
448,69793,67A8A80A5505BF4159828C5D3928F3F0,5,13
449,65526,D04EF9236005F7EE6B353ABD8326A9AF,16,8
450,65526,4365C01BA0442302191E74382A2FC1B8,16,8
451,65526,165D73F79E239CE9497B72ACA44E658F,16,8
452,65526,37F3752FCA775A175D26D64963631B8E,12,8
453,65526,FEA814A655C9A87853FE13D5BD647440,15,8
454,65526,4A26CC5EDCDF27A232C6129C698693EE,15,8
455,65526,A74E03A7E20DE46D36E5C25221C3AE10,13,8
456,65526,6187B6281D03DCE560D41B15E11314D9,14,7
457,65545,33935E031B0C0406EF9FB245BDBFBB12,6,7
458,65545,C606F896D34554A8D6A93BEFCA166E74,4,7
459,65545,14DE05D600EC08E9C472587897EED2E1,3,7
460,65545,99B6114BBF5E979DA0EC751ACD8715BC,7,8
461,65545,0B12826BA3AE34D6EAC70F2B626223F4,7,8
462,65545,38329AE38C789A78470B4970409B1B98,7,8
463,65545,BF75BE6508BC4D1A4A3D7C5A86B7E7B0,2,8
464,65545,8055C80D4D677342267AE9DE169BB537,7,8
465,65545,78F8DE6563C3093420261F77DD4A212A,7,8
466,65545,E2CA1DE2AA3F34F4B56DB8E4AB9BB6ED,7,8
467,65545,10A18B8846E977B34EC653FF9A7F4395,7,18
468,65545,CBEEE9CD48EE1210843315BF9847F2BA,4,18
469,65545,A10FA40CAC616FD7209FEF22714CE259,7,18
470,65545,88E9FA99AEA5140ED4369A915B154A1D,7,18
471,65545,F43E13C80406B82235F8D640F942B333,3,18
472,65545,6A734FE6A5C45919388B9C142C17B0C9,3,18
473,65545,3A2EBFD55BDEB19C073DFCAE7D12899D,2,18
474,65545,DA55233BD41434258B022BC75B24A725,4,18
475,65545,155DD34F5EA71A60CE971B5F8E0DF8E9,0,18
476,65545,AC7752D74A2078E9C52DDC92441E1D1F,17,2
477,65545,DBACE87508F2E311C56073EE7EEEDC15,18,2
478,65545,44123A9802CA2E2F56075EC0F65EB00C,17,2
479,65545,3D1D41D338C6099EAD49B72A53C98236,18,2
480,65545,31082723B71785413B2786645D53F856,18,2
481,65545,08DCED6BE99116BFEC9A41E1D0EF9DDB,15,2
482,65545,A687B214320FC8B797B59C51791C9E79,15,2
483,65545,8E501EFB0DF673C2C4540D381B077F06,18,2
484,65545,8510E4053A39F0BEEAFDE11D0DE7D171,18,2
485,65545,76C7E203E2245731D616C24768DC31ED,18,2
486,65545,87F5C9C39B7E7B97AE6E592C1AE25A38,18,2
487,65545,D14432BCEECCBA7575FDA841C69D4664,16,2
488,65545,C968D55E4F4068B209BA090586224B77,18,2
489,65545,1454832ED06ED7A9FBF19CB1AA80ADA5,2,3
490,65545,D974F4FEC85A40FE97829CCEA96C7AEC,3,6
491,65545,3358B4710C11DB9E7E5EAB5B7B13DF80,3,6
492,65545,EF258FE9A21F4AD3C42327EE79E86E46,3,6
493,65545,B18AE2C87043CA04ED232A14FC197FCF,3,18
494,65545,12CBE41D9197E2740BAD19371A991BF0,3,18
495,65545,73CD40F2143E6E8CD396DAE09C49645B,3,18
496,65545,7152C47115BBDAFAAEEDAD7FAE0C42D3,3,18
497,65545,33054C5148D631D832B0C0D283994B25,18,15
498,65545,ED4281C32C3201A4C5E47094388E6778,18,15
499,65545,5B6E3A86E0471DBD93C086293F3EC90A,18,3
500,65545,3D96B751307B4DD3F4E1A0AAC9D62CC6,15,3
501,65545,5DE3E7C86AAFE04F1EA7D99F5DD525BC,18,3
502,65545,7CBB711F48C70D2CA5BFD33C0A07348F,15,3
503,65545,7A0205F37AD8649D489F0F081D9F0552,18,3
504,65545,83C30CE2FD6C2BD04E4CEA9A74B36B42,18,3
505,65545,9CF3FCC3F1C312363A29A941240ADC06,18,3
506,65545,0EB6B160BA1FC8FA56ABF8FB9662FEC0,18,3
507,65545,B8B50A0D6D4E4365275A6386CD8E2A73,18,3
508,65545,C07F55D084B6F4ABA5E1CBD0D98C84E1,14,5
509,65545,0C2B805AB47456268D9EF2FF618524A4,14,5
510,65545,16C90A27C6BA359656B5BDCB3D793566,6,4
511,65545,36192CB2E060D763CB007EB7A0BF03C4,15,3
512,65545,BCC652329D8C0FE0589BE34CCA71DB23,6,3
513,65545,93B7A07CD393D7498EA8250042EE3EDD,13,3
514,69624,7246D906F105D9B29BD7085F4BAC4E1C,6,18
515,69624,05F42B75E1606B3FC7C3EC513294495B,4,19
516,69624,907A2C97A1A1379B2AC2225F33BDCC02,6,20
517,69624,E503B8EBFC54A8CB58045F4384A5CCAF,6,20
518,69624,C7F659A30A5FA506FBEB9A4E6824F417,4,20
519,69624,746C6402D10814C173298346D2037A69,4,20
520,65545,0BC09108CFC59B95EE5FA799D38C07F7,18,5
521,65545,87242AFBEB913C194DD8416E65CA1E29,18,2
522,65545,63B651231D8B07979C35EA5AB7905A38,6,7
523,69624,01C1EA064AC7D53DEBDF2ACD557740AF,20,5
524,69624,1F7F0DB1F6E5973594AFD11ED3AD7BFD,14,5
525,69624,81D5EC19759072AA65EAD65D1FF862B3,16,5
526,69624,886D5A624D05441E038F6B408DE23333,14,5
527,69624,D6F8E517B2A4858316D3CB3B30B0AF78,21,5
528,69624,6A43F5BFCD7173F49E3DD9DD135285F2,21,5
529,69624,41D31F43275F55F64B0D6DDA55297D45,5,4
530,69624,E9C572BEA123400E44F031D199A762FA,5,4
531,69624,EF5DADF8BC22972800FA6F7BAD6BAC6E,6,6
532,69624,6A8C1FB547E8DF1933932EF974817158,6,8
533,69624,6BD97CBE0CBBEEF7823C221D58F19C97,6,8
534,69624,F07B6E84A99CB8F8BE13CE69962EC813,6,9
535,69624,406DA63C9643E8913C4F8C19B45B9D9D,6,9
536,69624,F9967A2C32CF9D0E7012D0070F2F0CF8,6,9
537,69624,E51FC45AA4C8C48D093DCF19C5314E9C,6,11
538,69624,DB3291FEDC03B02D2606EF9774BDDF16,6,11
539,69624,7E008A798952FB93851808E260F949FB,4,11
540,69624,D3ACE6DF69C9EFF4B447B748792A37B2,6,12
541,69624,52B56394C8422C16796EC44493FC5370,6,14
542,69624,F91E51DA485BC3D7CDD00D81C3FF1AEC,8,14
543,69624,C06B3360AA131E1FD99515C513EE804C,4,14
544,69624,D7EDD0AE608646351BEFAD8B0791C4EB,14,16
545,69624,67BFF7E3818EBFCE266C3CB4CF815006,4,16
546,69624,4322BA909B2F18A0F19EA07F7F040EDC,4,16
547,69624,B40BFE41B858548B02AFE08CBDFF473A,6,16
548,69624,1C17EB836DFC3DA34CD591A2EDE3140F,6,16
549,69624,C1ED8BEDB9C8B903B7B710ED7625FAF6,6,16
550,69624,418387BB98D47E5EA85FADFE24F5A814,6,16
551,69624,60F9ED5316AEEBFCB961C46B2FDE5794,4,17
552,69624,70CEEC2D12BBEBFC59B919F00B70DE68,6,17
553,69624,614A2189C1B1343B822939A933A418D6,4,18
554,69624,8FB90C958D62EC1C3F597A169C7C9CD9,4,18
555,69624,C3F21C24F603179E54A2857105381808,4,18
556,69624,30A7991086B186C9F85EA966395CC608,6,18
557,69624,C39F03CFC459FF8F9FAD983A1A920322,6,18
558,69624,249FE260E867A0CBF152A64C275E3523,4,18
559,69624,C86682C444252310EC96C333FDE5DA4C,6,18
560,69624,B2D863C8A862DCC875F7B29F45324BA9,4,18
561,69624,98E16D984257EE260A76DE82C5CC2516,4,18
562,69624,04B3D3F1BEEE96586B214AEE3BA36D55,4,18
563,69624,7BD2E08B336B96F92FACA2A11A499452,14,18
564,69624,605DE786D1017423EE8DE6414A5936E5,18,11
565,69624,FF085EBD77F970986D430FE4B243778F,18,11
566,69624,7F3BEE238C0814C9BA8D9713954A43A1,18,11
567,69624,D92E12D22A01A8D9F6A6640041F6F3B2,18,11
568,69624,9A9F17EF6538D52B5BAB72FE48B98C9A,10,6
569,69624,8818817DAC55E8E93E704AAB0D53CF7A,18,6
570,69624,06E0D884770627FBCB16862F1D501248,16,6
571,69624,057C4E561A3A70206F57A51C2DFCB030,8,6
572,69624,F81ABFA4631C42B864BE69C10F026FBF,8,6
573,69624,4C53BCFF3B6B0DC692944D7AD4317E11,8,6
574,69624,0C4A69854ACE1E076752F64C255D08DD,8,6
575,69624,E735133DB4A7AB61FA2944D8A81AB1A7,9,6
576,69624,0C7B8EA4AC3E774FDE9C796B9E3677A2,16,6
577,69624,F5D8D2125848CCDB11ABD8968E4A445D,21,6
578,17505,C84CE4784455E789987251F4F2765609,20,37
579,17505,5CCCB2A8FC498A7556EA97411E1990D3,21,37
580,17505,A907ECE2156B62519C53A15EE4643D99,37,21
581,17505,D0FF0263BB9B1468E1A04CBC40366D1F,35,11
582,17505,BD53E1AD0D6912E2D452C4E04FCF63EF,29,10
583,17505,FBD8F9641D11508A6F85E3498916B239,32,6
584,17505,43168D1AAA0E851D520AFCB60C279AE9,22,5
585,17505,523AA029E545AAF3B41634FF5ED06E5A,8,4
586,17505,6DBF623D1EBD97D4E7300F9CAAE51E86,34,2
587,17505,2166BF8FCA2499BA009D47F16D1CA301,34,2
588,17505,2ED43BDD47F5BACC64940AD1B7C56087,4,19
589,17505,88B7CAB2E8C39D7BC199DB57FE0BE782,6,22
590,17505,1783E6B6EE2EEB421E720E404776DE38,29,30
591,17505,1A2CB12590545317AEDAD00F3123FFA1,24,37
592,17505,BF4474AA1E1B95E472B9770734031A75,24,37
593,17505,E4EA13845452020DD7B5F105EAB23226,24,37
594,17505,74F9A251E329567630B86573FBB9FB3C,4,37
595,17505,C621EBB975393C593F24CD1B0D04A5DC,30,37
596,17505,1824A2447EDB941483B0C47F5622723C,25,37
597,17505,F58077A4802F3F3C46DB663C169A6174,28,37
598,17505,E6CAD02002AB3AD7B972B711C04CA144,36,37
599,17505,1BFCA717997255F2F169BE7224366796,30,37
600,17505,A2F475B887ED73D25BB4AEE05194DE5F,28,37
601,17505,3C74CB8A207A7A72338330FF0518F56C,37,35
602,17505,9C715347454E99369E126B6E0F9FC4D5,37,34
603,17505,4C762D898526758771489CFA8451568D,35,34
604,17505,B7BBB4A75EB75EDD4DA9382EA46A3F4B,37,34
605,17505,6D349E60378CC1F3FE8E118F973963E2,37,34
606,17505,CE64E3A142A3417397F3419BC47F57D7,37,33
607,17505,B48D66909E2270D35B21760C93A608CD,37,32
608,17505,CCA4BDF0133709DF7F4D0A07ADBAED58,36,37
609,17505,C6F20C5E65673248C34ACD5F07A67C5E,36,37
610,17505,9DA3EDFBD34A5CD0F4D9005D356798B2,36,37
611,17505,00CE8DD4ADB0628EDF8C07B3DB24D235,36,37
612,17505,3BF27CC628179DFFB2AB9E8534DCF815,36,37
613,17505,D709611BE1DEF816AEACDAD3A9017322,36,37
614,17505,F126B99464A6E6F5A331BE7BFF8F4631,36,37
615,17505,1711433FF737D827367AEBFECA3E5475,36,37
616,17505,B09FE213DD1B7ADE6574FDDEC9B4860A,36,37
617,17505,6A43A8E48768F2C2659BD7E5E125839B,36,37
618,17505,7D9A3E0D8DB69347EEE37B422A055A0E,36,37
619,17505,A519F6FC75B4D700288B69ABD9B25F60,36,37
620,17505,851D1C26D3A24841E2908C4A6042B585,36,37
621,17505,669093B8A21B51051ACB296B6BFA97CE,36,37
622,17505,CD1C870F30045D57C68BDD36ABA6E9CC,37,35
623,17505,F49FDBC9CF5F2DDD6DEE5CB41242A99C,37,35
624,17505,92F1041A1DAFB9143625809C0CE01834,37,34
625,17505,6ED3D2AD3E7E612941F289E262A04863,37,34
626,17505,90C29FCAE0B1E9D2F03EEF27E8DF7BE1,37,33
627,17505,AA305DF74E77DA1AA7626757A49777C4,37,33
628,17505,AEB50183B56FCE7E9B06B2C25A24F25E,37,33
629,17505,05965CF240D85FEBF057E70B366D1AF0,37,33
630,17505,40CC389472EF3507CFCD9476C4661427,33,29
631,17505,3729781A28410BC20115DB12249A37D7,37,25
632,17505,9B91949730C83831A7CDDB94A96E4AFC,34,25
633,17505,91C3642E4E266E06BD9F029AE94B756F,37,24
634,17512,9FCDE0C6F7A526E99A1DA5ECBB487BB1,9,13
635,17512,8012A65D9B8F1F3A893A0B54417949D4,4,18
636,17512,01DCF38BE9CDBBC88B656482BB248A4F,14,19
637,17512,E2BEFFAA0BCBBC4A8C08F1894415BA83,0,22
638,17512,47EAB7300484F89B3762CBEC915EACB1,8,23
639,17512,A6116EF68D6E2C259A2E2338386996EE,28,24
640,17512,033815560DBEC8793CAC6582E695AB16,28,24
641,17512,B06472031B6110E08EC7CFBC6D23355C,28,24
642,17512,B09AC64B6D4BBA247DC885B6173970FB,28,24
643,17512,8A4653EE58478A41EB1B174108A59B51,28,24
644,17512,BBAA3158CB7705573623A3B1B46670C2,28,24
645,17512,F19E820533DFC92E8D16600C9FA94C69,28,24
646,17512,7847F0AD7795B1E71F0438C68604F607,28,23
647,17512,649B9505FA15027E27ADA72604AEB650,28,23
648,17512,5FB0CCAFB0FEE1F54C105A561A05E2A6,28,23
649,17512,25973053300C497BDDEAC9ADD27BCB05,28,22
650,17512,9A9B5D1B80961E952CB05E30968297DA,28,22
651,17512,744207858FA193BA6FCB5D2324CCC389,23,22
652,17512,3453B561EF23CC7C6C1DB1F502CC0871,19,24
653,17512,51DF98BA0CE2553D07C233CF0DCB5374,21,25
654,17512,A306448902AA570311151A5A8B76F785,24,25
655,17512,0A723713388B5FB434397D7C16AF9242,7,25
656,17512,FDF488B238A54F7244DABF60EB4FA98A,22,25
657,17512,61CB5403CC1A327385C6C0E784441054,13,25
658,17512,368220EB7504CE645666116BCB4C117A,4,25
659,17512,02FEB80FEA880C6C469C064FCC499528,22,25
660,17512,01830974E1882F2FBDDB4FE1157F044D,19,26
661,17512,2166BF8FCA2499BA009D47F16D1CA301,4,27
662,17512,6DBF623D1EBD97D4E7300F9CAAE51E86,4,27
663,17512,BE5723976982302B6DF0A95A77BD7740,19,27
664,17512,A306448902AA570311151A5A8B76F785,25,28
665,17512,343F2AF0344E0E5D1E0C07818ACBD58D,27,28
666,17512,97F56B1F1639741113A55A6AC47F7799,22,28
667,17512,4C4282C74C99C10422E74A1FDAAEC0CB,16,28
668,17512,B8BDE4CA0F1F49316F5F95C304DD4A4C,26,28
669,17512,6D4BCAA64A12F3689D27AF3BD66CC26A,22,28
670,17512,333610ACA2A4E81E5A5A7082AFC7CFD1,7,28
671,17512,84CED5607EDAB8E344076C0B55979061,22,28
672,17512,6B737E489DC828D458B05DDF708FEB3E,4,28
673,17512,F45618AC425F856799159F522A51B665,14,28
674,17512,E2BEFFAA0BCBBC4A8C08F1894415BA83,0,28
675,17512,39FB59FCBE1DC57ACAAD490C8C002FB8,22,28
676,17512,E964472A14CA20F50308F432ABC0CC4A,28,28
677,17512,3A6955D29CDCBDD8D4EF95F0866265F2,28,27
678,17512,1F93235B26D39B46461A2A74911D71FE,28,27
679,17512,3E519661DB6462E1872EBB6160893591,28,27
680,17512,08BF6873AEC0396CA01BD62D89B58C1D,28,27
681,17512,B89E674B3F952821B0C7728DB6C1F6FD,28,27
682,17512,CC19F5DCA744ACB23E58DF4AC27B348F,28,26
683,17512,362EC07A6A8789D146A7868023B286CD,28,26
684,17512,0FF1CF322FB0F872FE5AE3F35074173E,28,26
685,17512,AC963EA4FB38BE65F7EF213ED03C0637,28,26
686,17512,A6B9B6C78AE75FB0DA0F14ACF6E89C7B,28,26
687,17512,A8BABDBD14018802838C5FB8BA1C484F,28,26
688,17512,D653B8310F87F16172CD778DD819C4DF,28,24
689,17521,CB903E11905174EF37E14D75CE1C8606,11,23
690,17521,25DBDE9CCD0CC0811563A785D3319821,4,25
691,17521,5466B6F47AF4FF11A9C383E79764E236,6,25
692,17521,C7EB6B09FFA59C3A60DEEF059C0B792B,6,25
693,17521,DEF4E858BF03E58E88AFBAE79309C358,19,25
694,17521,0170EE24CB155176F5B6833DC6F06C5A,7,25
695,17521,A449C85EB74869D2435C7F89C3BD1016,22,25
696,17512,01A5C5F99EBA31F84A8F3E1B2739B16A,28,4
697,17512,03DCA817854696EBC36BF301247E44B5,1,4
698,17521,A1BB5709C97958EC311194DD6643142D,28,22
699,17521,CF93C2D189A9A5AC918F24959B6F59DC,28,22
700,17521,8A0707F6A503D691F603C4618C6F2916,27,22
701,17521,EA32D2638E0073FCD350252DFB0F2855,28,22
702,17521,6BA631F4322C93C817E6049E32146B86,28,22
703,17521,8589EAFA842746F153980B870C2BF23D,28,22
704,17521,63F10F1845A5719D35E0C067C6D9C826,28,22
705,17521,03174647DA6D2846C0496C8DE5EAA889,28,21
706,17521,C13D7AB1D7F3AB09C648C7C5A22B30F5,26,20
707,17521,C6B5BE4C022A7E88258A5DBE8C15B652,23,19
708,17521,37B41D9CA027106EF3E0BCCC26416F9D,28,17
709,17521,84F92632A930ED82041362F7E1F223D1,23,14
710,17521,EF9A9BC88C4674450F29420AB7A99A0B,27,12
711,17521,A677B2006D21A0D060EDD76A2A99BF14,7,25
712,17521,52A1ABC06896290BC99B1BFC030FCB27,25,28
713,17521,932E9A3627218190EA49CD12E98DE956,27,28
714,17521,BE52EA939637200C2E4498339C8D36D3,22,28
715,17521,3E56501A405225A245A601CC6ED49451,27,28
716,17521,E7823256810C1425EF9FE521DD798753,25,28
717,17521,67FD412D2E8278E5B1F832150D80D19F,25,28
718,17521,B38809F2CD57B22847255E07EF386025,27,28
719,17521,F8D04E89C1E8D8ED0635987009E32937,25,28
720,17521,0E7757B61C120BF2C1FD672971177485,25,28
721,17521,56BE1465EE5D21053E019E65927C1FA6,24,28
722,17521,6AACCFB530EC1693AED27AE6F2DAB08D,24,28
723,17521,30F43947FC5933BB56315DD167B7CE12,21,28
724,17521,4C1DB21D4719C6FD735B04ACE842E5D7,22,28
725,17521,1C277F8737EB1DE052CF7471E803289B,22,28
726,17521,7311B2EFD09C62C4407B0A5F2BCB0951,24,28
727,17521,74BE9B9029354929D123D829F2B7D390,24,28
728,17521,5D1C3F9D65DAB988DE7AC90207E85378,23,28
729,17521,A4C271E751E55E3B782319407681FBBC,24,28
730,17521,5FB0CCAFB0FEE1F54C105A561A05E2A6,22,28
731,17521,95ACDF67DA949FB82FBE5E5FF478F27C,22,28
732,17521,36681FA93A5CCB6428591965EE02DFAE,17,28
733,17521,449915A45BFF429F3DD5D00CADBE3CFB,22,28
734,17521,4C77BBB13DC027DBD4E6975B33AC2CDB,22,28
735,17521,49484F7A47D410B6533CC52732CEEB73,22,28
736,17521,6974F1DBE1316A34D596E9B5B35BD91E,22,28
737,17521,76B5DA87DBBC63CF49A4A329B59BE89F,22,28
738,17521,03B936B95374B362E5AFC6ECDA567AA0,24,28
739,17521,68B995B3C18E798AF1BF7807CD794397,22,28
740,17521,0125DDCC0A39901E5BD27C7B24F377FD,7,19
741,17521,15BE8678A1062E4364EC58976B0EEE25,7,20
742,17521,7B38B1EAE55D26D38972DD72892B0C40,9,20
743,17521,7A0E57FE76D2E596C65EB3241220EC26,1,20
744,17521,31559CE638B58992F793CED264954EF4,8,20
745,17521,DD969006BD80A9BA9315C108C2C02555,6,21
746,17521,EF9A9BC88C4674450F29420AB7A99A0B,12,22
747,17521,B77ABA32BD92C5E9AF76CD31EAA09169,4,23
748,17521,03E680B8FF9DCEE884675075AAD4BFC2,22,23
749,17521,99EBC8617DC27CE85780C8AFEF034D4C,21,23
750,17521,9D1F5268872A94DD8F9E60C7B058B953,19,23
751,17521,0B12DF4F870F79E1410B94985B51B38C,12,23
752,17521,68A266C2CAFBD92DBB88EE9D473274E9,8,23
753,17499,23B9F8277F19C54EC5D984350D93760A,31,37
754,17499,5448102B6DD0591A73046880246DF8BB,32,37
755,17499,A4D8ACCC31E6B671C590DF2B12E3FFD9,35,37
756,17499,B9817510653D8D35DE874CD50BF8A9DB,22,37
757,17499,A540E6B2CD2DFEE1F1B37C60F2FEAEE7,26,37
758,17499,AD57253F9DCF0424644A52186CCF3740,2,37
759,17499,2114F0B610F1C5490E1D2875EAE3B533,37,35
760,17499,10EA26E2C11DFE6006B770B424D7977E,36,34
761,17499,37A9741B864878D9594E5A26C7FAD26F,36,34
762,17499,59F152CBDBF17ED661A3771671F4AF8E,37,31
763,17499,65D0B3892FC08CC62AD7DF16CD24C47D,37,31
764,17499,C1384D0E8EBF1A13C7DE1896682C0947,37,31
765,17499,62B203A2A768457F6798BA0C5978CE3D,32,30
766,17499,C0710EC4B87A46CDE020BD00B726490E,36,28
767,17499,3AF12064A3E2DD8CC5FDCEA1E542F29B,37,28
768,17499,0A8A669B934298CF9FFAF2F9C8D7768D,37,24
769,17499,7792EFBBE8B4166BB9B7935B85671123,34,34
770,17499,7792EFBBE8B4166BB9B7935B85671123,34,35
771,17499,13B5D6B08B0E60C0CEAD51A6540B8A20,33,35
772,17499,9E8B2D93E7B424D2AC248CCFDEA2FF4D,27,35
773,17499,7FD56B75DA7F1AF69211CC8CAC82A38B,30,37
774,17499,8FBE43C154E94016A7D7F3285A53F22E,9,37
775,17499,CEA2D0D4C8D69B28B794F4B474434DEA,31,37
776,17499,0B6F1ABBE8376BC0F28F122222321F5B,34,37
777,17499,D9D01B6561F48531604FA70F6F0BF29D,24,37
778,17499,3FFE4710922E924A74DB0A91B9599F98,31,37
779,17499,5C6402359A7E593F878FF7993DA33B5C,31,37
780,17499,764EECDF1E864A0765C7300D21FA27AD,34,37
781,17499,BEF3F4520CEE667A5671CEDA047CA217,9,37
782,17499,BC59DEE80EB5CBD0A8527FC912A34F80,35,37
783,17499,3E62964A202E785BC5099D2AFF34136B,35,37
784,13140,7447B0B4C5E42AC1809EEE20106571F3,8,26
785,13140,22B90B9555D278226387D2B5550B1E0E,25,26
786,13140,9D5941B41862B7AE65F6F9C44D1755BF,20,26
787,13140,3985EFF029825F04E560CB7482EF0CE1,25,26
788,13140,0F6893775285CDACC8363AD6F532D5CD,25,26
789,13156,D9E414EB201D42FBBE30C7B14621B5B4,31,19
790,13156,CDFDCDDA6CFFB78D1DB5AC80DF4D853F,32,19
791,13156,3F5103DC5A96CE77358BA7820E89A6F3,28,16
792,13156,A381099850E7882F28458267C6667CEA,27,16
793,13156,4302E298DDEC156EDEE2D1A3B2082AF1,27,16
794,13156,AF172DCCA1E8C571019D6393CB358557,34,16
795,13156,1BE46F1FEFD8C5AC123EBED67AC5312A,16,16
796,13156,36E70474F4D3212FC52B378FA343EE0F,16,13
797,13156,DE0378CFBF14AC285940D887A1FBD7A7,27,13
798,13156,7C91E6DA148E744923E5A8EBA3C2C8E1,27,13
799,13156,910C8E1E00362F01861919DA0DEDDEC5,19,13
800,13156,B521F4AB8595270767B4531F8FB84162,34,13
801,13156,C5420F15B38211F98583318D82E8764E,16,13
802,13156,5056A9B3D85F32A94D34F21C5EB2B598,31,13
803,13156,FCCC768C672908D4D1CBA85B52EE66B2,34,13
804,13156,507A2C32D7AAAE274029229C8403B520,19,12
805,13156,8F320E2713BEE7F426B0E01F1142E74B,19,12
806,13156,BB57E791B8B877AD19F45CF633C7E366,16,12
807,13156,F83A3419DC33F4C6E54DD0690A5C3550,32,12
808,13156,32514FACDEDDBBACBFCF27D961E95F07,35,12
809,13156,B1555486A94C0958A36C9F72DCB664E7,16,12
810,13156,881BE4ADB03F54F7097B5AF6AD7B5103,16,12
811,13156,E9799D570863A6211B51EAFF6178664D,2,3
812,13156,9BAAB4E83477350E15968BC2C69C2CD3,2,6
813,13156,638975AE136EC8B164C5C2C885220A4E,1,6
814,13156,CA8FD44B4A89DACA71BFAB2ABF7706D9,1,7
815,13156,CD5DF41DA0C511DC6BCDB241D1439F89,6,7
816,13156,A0ED77A2E7359F761F3F4B1EE5E12521,2,7
817,13156,B16CA42BEBF6352461379E72186156FF,3,7
818,13156,395204A07660657A18BB8AE7A5818AF2,3,9
819,13156,C180BA8B254BAAAAC3E98FB04B197B12,6,11
820,13156,081DB74BCB3F35476491CB78DC95F25E,6,11
821,13156,C13EDF47D88844351B840965B1774AB3,2,12
822,13156,944A5AD24618B5A505B279CED32ECC74,2,12
823,13156,E357CFD019A325DA844E6E0FF6BBD4F0,12,15
824,13156,F831D73B6B9ACB888F24016D3E1869A5,12,15
825,13156,93C4E17F73B19F869A9E834F38E0C60A,12,15
826,13156,508BDFA32688B8EE26A575F0C0FAF2BD,12,15
827,13156,9D61447280AB82D45C32ECF106B83A30,15,18
828,15858,10A30A5D441C0C42A67CC61800F61385,10,3
829,15858,DA530316CBF3D09E667B35A13A6EEC14,10,3
830,15858,52A520D643EE0F7519DD41F633EAC5AE,10,3
831,15858,167E791EA5F18C14BB9113B6BED73234,10,3
832,15858,0F9D9AFB0BF2D1163FDBB841FD44F567,10,3
833,15858,16DA3D1CC81E8EED03C65B77014AC639,10,3
834,15858,3D8714825C55460B773CECD224014383,10,3
835,15858,2DF9F464EB0EA4A6D169F5ED091447C6,10,3
836,15858,196DF5BAA33176FDCA3AFF70451353C1,10,3
837,15858,7A8C2C6E23B03E34AC4CC0C6A7BDF29D,10,3
838,15858,CD774FF99B4E810BD611B493FA151CCB,10,3
839,15858,B29C9D1AF4C25691CE46C6225A44416D,10,3
840,15858,826385FFBA7B2B40A77673E03398C0F8,10,3
841,15858,7326C4501CD9170A94AB09B73A188850,10,2
842,15858,73EE2B92CE605F35B682FBF7D50B333D,10,2
843,15858,7FFFC6C21D961CACCEDC92B79942800A,10,2
844,15858,77F9C0FAB1289C3A83CCF64C1349B297,10,2
845,15858,C44261F3B929CB82976F435D08919B06,10,2
846,15858,A7EC0D3AB94CB20FB91B2DCC9FBC0E49,10,2
847,15858,C8F42CF86814543D7D73D93FC9D3A28D,10,2
848,15858,E5B3EDD4FBC094FB17C1FEFB76A32759,10,2
849,15858,54AF20470E569A149BA666B9EA158C75,10,1
850,15858,9239EDE332D62D063FA5EFD98A716AFA,3,1
851,13532,D91E34A91C3C8D4CDDD7FBB424837D79,25,19
852,13532,3AA2F27C6834A735BCCA690A23D68953,30,19
853,13532,6206EDCCA7EA318600F9A69402B13051,20,18
854,13532,24BD80431AB8AC85FA3199BA048016F4,20,18
855,13532,9A1BA54E7F31549C48730C0C3D94C285,21,16
856,13532,FF8098E90B6D639400D92FC190F7A321,19,16
857,13532,76FC0E925E8E4A2C72173DF343A48BF1,19,16
858,13532,CFB77D73677ACAEA76BA56754D227F06,19,16
859,13532,0FC4FD6E239B3E62CAE355038AA29EAF,19,16
860,13532,E5266ECE14B437CAFDFCA7BFDDD84A2E,25,15
861,13532,844D3EDAFF5AB386DFBCB94B48BB66F8,8,15
862,13532,355A5532720112C73EE8EACC09A94B3F,15,15
863,13532,0570256A02557255A41389E93AD76999,15,15
864,13532,5070835D98516FE0433B3FE6F5265D97,25,14
865,13532,11163F87723763A70D6DB316C488F86F,15,14
866,13532,5C056BEDC16251C1FC182BD2F179EC02,15,14
867,13532,E2873ED00F990DBCC31D58DFDDA0591C,23,14
868,13532,719F82BD766F3A0DF75BCC95BA23CBB8,0,14
869,13532,F937F1FDE6DF4071747F73EF608CD0D6,16,13
870,13532,5683885BFAE9DEEAC601F610F1EE5671,14,10
871,13532,C89E399C19457FB7606CD42E259FAEB5,9,4
872,13532,3F996315CE3EA9E346E50912C9E2E59A,31,30
873,13532,1B9FA11F85412CD258C652FB0508435B,31,29
874,13532,5EB67D0EAC646254CBE718C94BECCF67,30,29
875,13532,08AC65B6CD2635B0DB301A0AD75F9695,34,28
876,13532,0F6893775285CDACC8363AD6F532D5CD,28,25
877,13532,3985EFF029825F04E560CB7482EF0CE1,28,25
878,13532,80341AE315684A5762CC37D2266B0605,25,24
879,13532,3E989CAE5C0243120135A2FEB91068E3,28,24
880,13532,3FAAE629DC1D4F07FAD3DE937F382E42,25,24
881,13532,A6325566FD82AF231B0311E39118C7AA,25,24
882,13532,48A97A3A4E9FAFF83A8C7F8D638544D2,31,23
883,13532,A0863F944EB731069EA3E9C7B0CCFE82,34,23
884,13532,4D10FE57453A82391CCEF125CC30218A,31,21
885,13532,875ABDB83509DDB65640C7D064C7E2ED,16,10
886,13532,A6F9EE996E255FBEFDA0FEA198A1F868,24,10
887,13532,446E4AC0E8994060BE5777EFFD1ABC4A,14,10
888,13532,41E6F184078889FE0706D61FCF67A4EB,15,10
889,13532,ED75B7D2BE767C6841C6ECC3E45CCD65,19,10
890,13532,45B704E22B640DD2B15C17A465662B91,15,10
891,13532,99AF749484DBCE6D5F7BFB891DCA759E,14,10
892,13532,238AB813F00371C24F7E1174DC565069,15,10
893,13532,B4F07572303FBFCA1AFA87FA99D214E6,15,10
894,13532,BE1604FC90F572D8802E52E6BBEBA9C6,13,9
895,13532,20830ED03F06839F356E2C298ACC0B62,14,9
896,13532,06DF5C36C158D290072C3C579BEB946C,14,9
897,13532,D256E845FCF2FBDE810FB9305B322D1C,15,9
898,13532,2AA231E9A1F54722AB215994624E471C,30,9
899,13532,610EBDB41C342131A9BBF8F493AB3293,15,9
900,13532,7B1683A0F5A551FDBC80CA6618650CE1,15,9
901,13532,BB2A2D88565630F855C793B2890AA1F7,14,9
902,13532,748779722307226D2FC86A363B4044A8,14,9
903,13532,31E2115FEACA362F331AB54C6F0F8392,28,9
904,13532,6FD186DC5D6809DB51E1EBB70D975901,16,9
905,13532,61CF92A5B9F121A7B864E55C7A301704,14,9
906,13532,353AB853041FAD96179D8ED9ED112348,9,9
907,51035,AF691AD1C92560F582978273A2C5B4EB,45,42
908,51035,A42F30B2FDD2B312BC7B751D0075290C,42,41
909,51035,813698A36C8291A84EA9A444F4BC7CB3,42,41
910,51035,EC1363CBB2128DD77028EEC996FE6CCA,42,41
911,51035,317D3391CBD0E902B74DA266C9D5AD4A,45,38
912,51035,AAD98F077357D1A636BDB85C8422BC7F,43,38
913,51035,8D9E9390223396891FDA7BF4A3B0479F,45,38
914,51035,5DA605BD065D5CB70C10DB3A36063850,45,38
915,51035,91654DFE48E2E64DB42965B5D7124C0A,45,38
916,22069,76E37E46F914456B968AEF7B79C387D7,24,29
917,51035,0FB28AFFD982AA37595E2CA8FB213521,27,32
918,51035,AC5312F598F32BD06FF2F40B3A4131C8,28,43
919,51035,1F1F8E1F06C7E733F3E0B87C35741076,42,44
920,51035,03082091128F6385C8A24245EE3DBF95,24,44
921,51035,2CAC1081576228BB97A31D41D5B512E0,24,44
922,51035,6DFB02689F8DB547C24CA389A641B161,42,44
923,51035,04136FAE9A4E3A9DA00D9643BCBCF3AC,32,44
924,51035,3AB96D679FAC925990EF6DC2F997F1F7,42,44
925,51035,C25FB5B5D644C702344C068197A9C153,42,45
926,51035,F4880F47D4530543C3A8951BE1954C36,30,45
927,51035,C8E88974B0B52EC821A431A164D75D86,21,45
928,51035,F7A57EFC224D58A7AD99C750C42E938A,13,45
929,51035,99C959D94BCBB4825E4CC1CC09F0EB56,34,45
930,51035,12B6B1B52860C92FC51B42043AA3EE7C,0,43
931,51035,074EB48B3F8E18A43163C27999E3C20F,45,42
932,51035,CA50DAE71BDFA825AB00CD783D768B64,41,38
933,51035,1090AEAB60883303CD40CED088EFF4C7,8,36
934,51035,C9567CB9F046EBB8A9F62401AB8A6497,8,36
935,51035,FDC0909E2B98A0B619DDD01DADBCB4CF,42,24
936,51035,E83B54FA4E2DAC2106B5EAA0F0C9D7D2,42,24
937,51035,DB2143F3758052673FA84E629992D1D1,0,24
938,51035,99C66C63A0936E0E0B6F507EB818CA5A,32,24
939,51035,0580A181311D755729FC8D2A0E3EF6D0,21,13
940,51035,BD7DB0124762FCF7244276774FAED71E,5,2
941,51035,DAA0C55E9E14B45F9291CE4EE256541B,9,2
942,51035,4ACE40CC2CFB8ED744BFB3C5AB681A7B,66,1
943,51035,1FF4CD36E74EC28C1B1C4D917CB163A8,0,2
944,51035,2D352E46B5B1A506DF17338EBF5C4322,9,21
945,51035,38C9174638B7D43740E763CB851F224C,28,24
946,51035,311BAEEFDBE01CD42FD2101C5F2CDBF4,45,24
947,51035,AA258662BAB45614E2FF748642927B08,30,24
948,51035,426ECA633B2E8739E86317AD012D4AFE,41,23
949,51035,054912B5CB651809AB704A6F7299309A,30,23
950,51035,7F76B80FD1673F985822C96489411E90,30,23
951,51035,165D1C7099D2529D2981685406E1B416,31,23
952,51035,09AEB8F3DA436C4B442CD2CF5513971D,30,23
953,51035,8525273A3A9EEB7AD8A9A3C92EA8D887,41,19
954,51035,59AC62B526C11EAD0E03754EC3C28EE9,24,17
955,51035,7EA14C5EF2E0140FA788CFA8EB0BFA2E,31,16
956,51035,81EADE9DFAD7A9823CEDA4BEAC67121A,45,16
957,51035,A2016BA1F9F4A9D179FD24DB45031A69,45,16
958,51035,8B4775ABD18EF484FF464B785C698EAD,39,13
959,51035,7AFED8D0697E57EE8AA85C0E6FB4D2BC,44,11
960,51035,80B822EDB85002561CD9B273E82AA0EB,13,24
961,51035,877E8EEF80D05BADA93FB5E2D0506870,24,28
962,51035,EB7996F2B4439D804889D8FA655A2376,24,30
963,51035,85B0A40841CB943BF6FE5ED5698F924D,32,37
964,51035,8C7E374FB839684E2AD11D510B2C1578,32,37
965,51035,0338FBC31142975F19BFAD67ADCF1AD9,32,37
966,51035,95A9171A10CC37CE08A818227D3D349F,39,42
967,51035,EF6600B7EEC022543BF7A4C7930F4DB5,13,44
968,51035,F454BE57E84E3251BEE31D91C4BBBD86,9,44
969,51035,76D8DFA43A78C8D5FDA9BAD76348304D,39,45
970,51035,A8F4DCCDE867FA1E7A7725126DBFCFBB,31,45
971,51035,197ED5A7633AB37A683DFF076C34E961,20,45
972,51035,10D78DA1F7E65EA4CB6AE76A9438AAD8,45,42
973,51026,30E10744AC97EEC809FC66E239B515B4,27,28
974,51026,A94E2B35B116243682E757D75FD95F80,24,29
975,51026,8C34535CD3BB70A49A3FF55332AB0DEE,26,30
976,51026,9AC81035A1B2FAE05DC73619EB1C81F7,26,30
977,51026,BD06FAAB908B4215DEAE52188736DE79,30,32
978,51026,447EF19220C4764FA94D31F37C99D59B,31,43
979,51026,88715DACE071F70BFBD43C6F40964A33,15,44
980,51026,0E04F5C09A2EED1488063B730C0071DD,27,44
981,51026,3A06C5C2B64A875B7CD763CE5D99BF13,11,44
982,51026,8A51B785765AE5C80F6AAF0AAAF5307A,27,44
983,51026,58BF3F2AA7EF06BA2FFF627B54ED84AB,27,44
984,51026,8880E68A881D3F847903992C2A658943,3,44
985,51026,3F24A8E261E8F0D155E362EE91ECDEB6,0,45
986,51026,D9C5D957BA9163FADFDF98B9537AB4FD,35,45
987,51026,B8B266E522FF6750FCA2C8F6875EAD93,44,43
988,51026,1DBC3668AAC5A2DA4764EE7C144B11D0,45,42
989,51026,238D2C50887100BEC8BC5A6EC2642B36,45,41
990,51026,4997CB289BC3D048FE85685C6EDD28BA,45,36
991,51026,34E177284D4BDFE7E745147546789D3E,45,34
992,51026,4DFAA33CBEE41FD662901960CA0C2A17,37,32
993,51026,8C34D3F65A6EF48EF0BF807C3260C203,45,31
994,51026,9ED543ED5997749DEB02D08BD466BBEB,45,31
995,51026,4AB33E89667FD541B2785142A05FF5B7,32,30
996,51026,27155C35540207044B857BF17325BB6C,45,30
997,51026,BB64E6B875FEE721ED42026296BDEA47,30,29
998,51026,7A3653B42F5A5DE92C20E1BE4649AF51,44,29
